Rk,Player,Age,Team,WAR,G,PA,AB,R,H,2B,3B,HR,RBI,SB,CS,BB,SO,BA,OBP,SLG,OPS,OPS+,rOBA,Rbat+,TB,GIDP,HBP,SH,SF,IBB,Pos,Awards,Player-additional
1,Francisco Lindor#,31,NYM,5.9,160,732,644,117,172,35,0,31,86,31,6,65,131,0.267,0.346,0.466,0.811,128,0.359,128,300,9,16,0,7,2,*6/DH,ASMVP-10,lindofr01
2,Shohei Ohtani*,30,LAD,6.6,158,727,611,146,172,25,9,55,102,20,6,109,187,0.282,0.392,0.622,1.014,181,0.423,175,380,9,3,0,2,20,*D1,ASMVP-1SS,ohtansh01
3,Matt Olson*,31,ATL,6,162,724,624,98,170,41,2,29,95,1,0,91,176,0.272,0.366,0.484,0.85,138,0.368,136,302,14,4,0,5,2,*3,ASMVP-18GG,olsonma02
4,Kyle Schwarber*,32,PHI,4.6,162,724,604,111,145,23,2,56,132,10,2,108,197,0.24,0.365,0.563,0.928,151,0.396,149,340,4,11,0,1,6,*D/7,ASMVP-2,schwaky01
5,Geraldo Perdomo#,25,ARI,7,161,720,597,98,173,33,5,20,100,27,6,94,83,0.29,0.389,0.462,0.851,135,0.382,139,276,11,10,8,11,1,*6/H,MVP-4SS,perdoge01
6,Juan Soto*,26,NYM,6.2,160,715,577,120,152,20,1,43,105,38,4,127,137,0.263,0.396,0.525,0.921,159,0.41,163,303,17,3,1,6,13,*9/D,MVP-3SS,sotoju01
7,Pete Alonso,30,NYM,3.4,162,709,624,87,170,41,1,38,126,1,2,61,162,0.272,0.347,0.524,0.871,143,0.371,142,327,23,15,0,9,5,*3/D,ASMVP-11SS,alonspe01
8,Elly De La Cruz#,23,CIN,3.6,162,699,629,102,166,31,7,22,86,37,8,67,181,0.264,0.336,0.44,0.777,111,0.342,104,277,14,2,0,1,10,*6/DH,ASMVP-23,delacel01
9,Heliot Ramos,25,SFG,1.2,157,695,620,85,159,24,1,21,69,6,4,52,158,0.256,0.328,0.4,0.728,107,0.319,107,248,16,17,0,6,2,*7/DH,,ramoshe02
10,Fernando Tatis Jr.,26,SDP,5.9,155,691,594,111,159,27,2,25,71,32,7,89,129,0.268,0.368,0.446,0.814,125,0.368,129,265,6,6,0,2,7,*9/D,ASMVP-8GG,tatisfe02
11,James Wood*,22,WSN,3.7,157,689,598,87,153,38,0,31,94,15,7,85,221,0.256,0.35,0.475,0.825,132,0.357,132,284,12,3,0,3,8,*7D/H,AS,woodja03
12,Willy Adames,29,SFG,3.7,160,686,591,94,133,22,2,30,87,12,4,80,179,0.225,0.318,0.421,0.74,110,0.326,110,249,9,5,0,9,2,*6/D,,adamewi01
13,TJ Friedl*,29,CIN,2.3,152,685,579,82,151,22,2,14,53,12,3,81,115,0.261,0.364,0.378,0.742,105,0.341,106,219,7,16,4,5,0,*8/DH,,friedtj01
14,Manny Machado,32,SDP,4.1,159,678,615,91,169,33,0,27,95,14,3,55,131,0.275,0.335,0.46,0.795,118,0.346,115,283,16,3,0,5,4,*5D,ASMVP-16SS,machama01
15,Luis Arraez*,28,SDP,1.2,154,675,620,66,181,30,4,8,61,11,4,34,21,0.292,0.327,0.392,0.719,99,0.318,97,243,12,2,12,7,0,*3D4/H,,arraelu01
16,Ozzie Albies#,28,ATL,2.1,157,667,603,74,145,23,2,16,74,14,3,55,94,0.24,0.306,0.365,0.671,89,0.307,92,220,9,4,0,5,2,*4,,albieoz01
17,Mookie Betts,32,LAD,4.9,150,663,589,95,152,23,2,20,82,8,2,61,68,0.258,0.326,0.406,0.732,105,0.322,102,239,15,3,0,10,2,*6/H9,,bettsmo01
18,Ian Happ#,30,CHC,4,150,663,569,87,138,32,0,23,79,6,3,87,151,0.243,0.342,0.42,0.762,121,0.338,122,239,8,2,0,5,2,*7/DH,GG,happia01
19,William Contreras,27,MIL,3.9,150,659,566,89,147,28,0,17,76,6,4,84,120,0.26,0.355,0.399,0.754,110,0.342,117,226,14,3,0,6,4,*2D/37,,contrwi02
20,Brice Turang*,25,MIL,5.6,156,659,584,97,168,28,2,18,81,24,8,66,150,0.288,0.359,0.435,0.794,120,0.355,123,254,3,2,2,5,1,*4/H6,MVP-14,turanbr02
21,Bryan Reynolds#,30,PIT,1.4,154,654,587,68,144,38,3,16,73,3,2,57,173,0.245,0.318,0.402,0.72,98,0.319,99,236,15,7,0,3,1,*9D/H,,reynobr01
22,Brandon Nimmo*,32,NYM,2.9,155,652,587,81,154,27,0,25,92,13,1,50,141,0.262,0.324,0.436,0.76,113,0.335,113,256,8,7,1,7,1,*7/8DH,,nimmobr01
23,Seiya Suzuki,30,CHC,2.6,151,651,571,75,140,31,3,32,103,5,2,71,164,0.245,0.326,0.478,0.804,131,0.348,129,273,13,1,0,8,1,D97/H8,MVP-20,suzukse01
24,Nico Hoerner,28,CHC,6.2,156,649,599,89,178,29,4,7,61,29,6,39,49,0.297,0.345,0.394,0.739,115,0.338,118,236,4,7,0,4,1,*4/6,MVP-19GG,hoernni01
25,Pete Crow-Armstrong*,23,CHC,6,157,647,591,91,146,37,4,31,95,35,8,29,155,0.247,0.287,0.481,0.768,119,0.337,117,284,1,9,6,12,1,*8/HD,ASMVP-9GG,crowape01
26,Dansby Swanson,31,CHC,4.5,159,645,590,84,144,24,3,24,77,20,3,47,168,0.244,0.3,0.417,0.717,106,0.323,108,246,9,2,1,5,1,*6,,swansda01
27,Christian Yelich*,33,MIL,3.1,150,644,573,88,151,21,0,29,103,16,6,64,167,0.264,0.343,0.452,0.795,120,0.35,121,259,6,6,0,1,6,*D7/H,MVP-12,yelicch01
28,Corbin Carroll*,24,ARI,5.8,143,642,564,107,146,32,17,31,84,32,6,67,153,0.259,0.343,0.541,0.883,139,0.382,137,305,6,7,0,4,4,*9/8DH,ASMVP-6SS,carroco02
29,Michael Harris II*,24,ATL,2.2,160,641,611,55,152,26,6,20,86,20,6,16,128,0.249,0.268,0.409,0.678,88,0.295,83,250,7,3,4,7,1,*8/H,,harrimi04
30,Trea Turner,32,PHI,5.4,141,639,589,94,179,31,7,15,69,36,7,43,107,0.304,0.355,0.457,0.812,122,0.368,124,269,11,5,0,2,1,*6/DH,MVP-5,turnetr01
31,CJ Abrams*,24,WSN,3.4,144,635,580,92,149,35,5,19,60,31,3,37,125,0.257,0.315,0.433,0.748,111,0.338,111,251,5,14,1,3,1,*6/HD,,abramcj01
32,Freddie Freeman*,35,LAD,3.5,147,627,556,81,164,39,2,24,90,6,2,60,128,0.295,0.367,0.502,0.869,143,0.376,141,279,13,6,0,5,7,*3/H,ASMVP-13,freemfr01
33,Andy Pages,24,LAD,3.8,156,624,581,74,158,27,1,27,86,14,7,29,135,0.272,0.313,0.461,0.774,115,0.338,115,268,9,8,0,6,0,*897,,pagesan01
34,Xavier Edwards#,25,MIA,3.2,139,619,561,75,159,20,5,3,43,27,7,49,88,0.283,0.343,0.353,0.695,95,0.317,93,198,6,3,3,3,2,46/HD,,edwarxa01
35,Jung Hoo Lee*,26,SFG,1.7,150,617,560,73,149,31,12,8,55,10,3,47,71,0.266,0.327,0.407,0.735,109,0.329,112,228,2,6,0,4,0,*8/HD,,leeju01
36,Kyle Tucker*,28,CHC,4.6,136,597,500,91,133,25,4,22,73,25,3,87,88,0.266,0.377,0.464,0.841,144,0.375,143,232,8,4,1,3,7,*9D/H,ASSS,tuckeky01
37,Sal Frelick*,25,MIL,3,142,594,528,76,152,20,3,12,63,19,6,47,80,0.288,0.351,0.405,0.756,111,0.335,110,214,4,7,3,5,0,*98/H35,,frelisa01
38,Otto Lopez,26,MIA,3.5,143,594,544,66,134,21,0,15,77,15,6,44,82,0.246,0.305,0.368,0.672,87,0.307,89,200,9,3,0,3,2,*64/HD,,lopezot01
39,Michael Busch*,27,CHC,4.6,155,592,524,78,137,25,5,34,90,4,0,56,139,0.261,0.343,0.523,0.866,148,0.376,148,274,2,10,0,2,2,*3H/D,MVP-16,buschmi02
40,Marcell Ozuna,34,ATL,1.6,145,592,487,61,113,19,0,21,68,0,0,94,144,0.232,0.355,0.4,0.756,113,0.342,118,195,11,3,0,7,2,*D/H,,ozunama01
41,Nick Castellanos,33,PHI,-0.8,147,589,547,72,137,27,2,17,72,4,0,32,133,0.25,0.294,0.4,0.694,89,0.309,87,219,13,4,0,6,0,*9/DH,,casteni01
42,Jackson Chourio,21,MIL,2.2,131,589,549,88,148,35,4,21,78,21,7,30,121,0.27,0.308,0.463,0.77,111,0.339,112,254,13,3,1,6,1,*879/D,,chourja01
43,Jordan Beck,24,COL,0.9,148,588,539,62,139,27,5,16,53,19,8,43,174,0.258,0.317,0.416,0.732,94,0.327,94,224,9,4,0,1,0,*7H/D8,,beckjo01
44,Agustín Ramírez,23,MIA,-0.4,136,585,537,72,124,33,1,21,67,16,3,36,113,0.231,0.287,0.413,0.701,93,0.31,89,222,13,8,0,4,2,2D/H,ROY-6,ramirag01
45,Lars Nootbaar*,27,STL,1.3,135,583,509,68,119,24,1,13,48,4,5,64,119,0.234,0.325,0.361,0.686,97,0.303,94,184,4,6,1,3,3,*798/HD,,nootbla01
46,Bryce Harper*,32,PHI,3.1,132,580,501,72,131,32,0,27,75,12,2,70,121,0.261,0.357,0.487,0.844,130,0.367,127,244,5,6,0,3,6,*3/D,,harpebr03
47,Hunter Goodman,25,COL,3.7,144,579,540,73,150,28,5,31,91,1,2,33,152,0.278,0.323,0.52,0.843,121,0.367,124,281,16,4,0,2,0,2D/H,ASSS,goodmhu01
48,Matt McLain,25,CIN,0,147,577,510,73,112,18,0,15,50,18,2,55,167,0.22,0.3,0.343,0.643,76,0.297,72,175,8,5,3,4,0,*4/6HD,,mclaima01
49,Ke'Bryan Hayes,28,2TM,1.5,152,570,527,50,124,16,3,5,49,12,3,36,111,0.235,0.29,0.306,0.595,65,0.275,64,161,12,5,1,1,1,*5/H,GG,hayeske01
49,Ke'Bryan Hayes,28,PIT,1.2,100,392,369,34,87,10,2,2,36,10,2,18,81,0.236,0.279,0.29,0.569,58,0.264,57,107,8,4,1,0,1,5/H,,hayeske01
49,Ke'Bryan Hayes,28,CIN,0.3,52,178,158,16,37,6,1,3,13,2,1,18,30,0.234,0.315,0.342,0.656,80,0.299,79,54,4,1,0,1,0,5,,hayeske01
50,Spencer Steer,27,CIN,0.7,146,568,509,66,121,21,2,21,75,7,1,51,129,0.238,0.312,0.411,0.723,96,0.321,93,209,12,5,1,2,0,*3D7/H9,,steersp01
51,Willson Contreras,33,STL,2.5,135,563,490,70,126,31,1,20,80,5,1,44,142,0.257,0.344,0.447,0.791,124,0.349,123,219,15,23,1,4,1,*3D,,contrwi01
52,Bryson Stott*,27,PHI,2.2,147,560,499,66,128,22,3,13,66,24,5,54,91,0.257,0.328,0.391,0.719,97,0.324,95,195,4,1,2,4,1,*46H,,stottbr01
53,Ketel Marte#,31,ARI,4.4,126,556,480,87,136,28,0,28,72,4,2,64,83,0.283,0.376,0.517,0.893,144,0.381,142,248,12,9,0,3,6,4D/H,ASMVP-22SS,marteke01
54,Xander Bogaerts,32,SDP,2,136,552,491,63,129,30,0,11,53,20,2,48,94,0.263,0.328,0.391,0.72,99,0.32,94,192,12,4,1,8,3,*6/DH,,bogaexa01
55,Andrew McCutchen,38,PIT,0.1,135,551,477,51,114,22,0,13,57,1,1,67,118,0.239,0.333,0.367,0.7,94,0.311,94,175,12,2,0,3,5,*D/H97,,mccutan01
56,J.T. Realmuto,34,PHI,2.5,134,550,502,57,129,26,1,12,52,8,2,35,129,0.257,0.315,0.384,0.7,92,0.312,89,193,13,9,0,3,1,*2/DH,,realmjt01
57,Alec Burleson*,26,STL,1.8,139,546,497,54,144,26,2,18,69,5,1,39,79,0.29,0.343,0.459,0.801,127,0.352,126,228,14,3,1,4,1,379D/H1,SS,burleal01
58,Lourdes Gurriel Jr.,31,ARI,0.5,129,546,500,52,124,24,2,19,80,10,4,31,76,0.248,0.295,0.418,0.713,94,0.314,94,209,11,6,0,9,0,*7D/H,,gurrilo01
59,Teoscar Hernández,32,LAD,1.5,134,546,511,65,126,29,1,25,89,5,2,26,134,0.247,0.284,0.454,0.738,104,0.318,100,232,13,3,0,5,0,*9/H,,hernate01
60,Gavin Sheets*,29,SDP,0.7,145,545,492,57,124,28,1,19,71,2,1,44,107,0.252,0.317,0.429,0.746,105,0.326,103,211,9,5,0,4,1,7DH3,,sheetga01
61,Oneil Cruz*,26,PIT,0.3,135,544,471,62,94,18,3,20,61,38,5,64,174,0.2,0.298,0.378,0.676,86,0.312,85,178,6,4,0,5,4,*8H/D,,cruzon01
62,Brenton Doyle,27,COL,0.2,138,538,502,57,117,23,2,15,57,18,2,30,138,0.233,0.274,0.376,0.651,72,0.297,69,189,14,0,2,4,0,*8/HD,,doylebr02
63,Masyn Winn,23,STL,2.2,129,537,491,72,124,27,0,9,51,9,5,34,102,0.253,0.31,0.363,0.673,92,0.298,89,178,11,8,2,2,0,*6/H,GG,winnma01
64,Matt Chapman,32,SFG,4.1,128,535,454,76,105,23,2,21,61,9,4,71,126,0.231,0.34,0.43,0.77,119,0.341,122,195,8,6,0,4,1,*5,,chapmma01
65,Josh Bell#,32,WSN,0.5,140,533,468,54,111,16,1,22,63,0,3,57,88,0.237,0.325,0.417,0.741,110,0.327,112,195,15,5,0,3,1,D3H,,belljo02
66,Luis García Jr.*,25,WSN,0.4,139,526,488,67,123,28,1,16,66,14,5,27,84,0.252,0.289,0.412,0.701,97,0.31,96,201,7,2,0,9,1,*4H/3D,,garcilu04
67,Jake Cronenworth*,31,SDP,2.4,135,515,419,61,103,20,1,11,59,3,3,69,107,0.246,0.367,0.377,0.744,108,0.339,114,158,4,15,4,7,1,*436/DH,,croneja01
68,Brendan Donovan*,28,STL,2.7,118,515,460,64,132,32,0,10,50,3,3,42,67,0.287,0.353,0.422,0.775,121,0.338,118,194,4,7,2,4,3,47/6DH,AS,donovbr01
69,Eric Wagaman,27,MIA,-0.4,140,514,476,56,119,28,3,9,53,4,1,32,100,0.25,0.296,0.378,0.674,86,0.303,86,180,11,1,0,5,0,*37HD/59,,wagamer01
70,Caleb Durbin,25,MIL,2.8,136,506,445,60,114,25,0,11,53,18,6,30,50,0.256,0.334,0.387,0.721,101,0.33,106,172,10,24,3,4,0,*54H/6,ROY-3,durbica01
71,Joey Ortiz,26,MIL,0.3,149,506,470,62,108,18,1,7,45,14,3,27,74,0.23,0.276,0.317,0.593,65,0.27,62,149,10,3,6,0,0,*6/H,,ortizjo06
72,Alec Bohm,28,PHI,1.5,120,504,464,53,133,18,3,11,59,2,0,29,82,0.287,0.331,0.409,0.741,103,0.334,105,190,16,5,0,6,0,53,,bohmal01
73,Gavin Lux*,27,CIN,-0.2,140,503,446,49,120,28,2,5,53,1,0,56,114,0.269,0.35,0.374,0.724,99,0.326,97,167,3,0,0,1,0,D74H/5,,luxga01
74,Nathaniel Lowe*,29,WSN,-0.3,119,490,440,50,95,17,2,16,68,1,0,47,130,0.216,0.292,0.373,0.665,88,0.297,88,164,5,1,0,2,0,*3/DH,,lowena01
75,Michael Conforto*,32,LAD,-0.7,138,486,418,54,83,20,0,12,36,1,0,56,121,0.199,0.305,0.333,0.637,80,0.289,79,139,12,9,0,3,0,*7H,,confomi01
76,Jackson Merrill*,22,SDP,2.7,115,483,440,59,116,25,6,16,67,1,2,33,108,0.264,0.317,0.457,0.774,112,0.331,108,201,4,4,1,5,1,*8/H,,merrija01
77,Max Kepler*,32,PHI,0.1,127,474,417,58,90,19,0,18,52,3,0,48,93,0.216,0.3,0.391,0.691,89,0.303,83,163,10,4,1,4,3,*79H/8,,keplema01
78,Alek Thomas*,25,ARI,0.1,143,469,433,51,108,19,3,9,38,7,4,21,122,0.249,0.289,0.37,0.659,81,0.291,78,160,2,5,6,4,0,*8/HD,,thomaal01
79,Wilmer Flores,33,SFG,0.3,125,463,419,44,101,10,0,16,71,1,0,34,88,0.241,0.307,0.379,0.686,95,0.312,101,159,14,7,0,3,0,D3H/5,,florewi01
80,Victor Scott II*,24,STL,2.2,138,463,398,54,86,15,1,5,37,34,4,42,111,0.216,0.305,0.296,0.601,73,0.288,71,118,3,10,10,3,0,*8/97,,scottvi01
81,Mark Vientos,25,NYM,-0.2,121,463,424,44,99,21,2,17,61,1,0,30,115,0.233,0.289,0.413,0.702,96,0.31,98,175,11,5,0,4,0,5D/H3,,vientma01
82,Jeff McNeil*,33,NYM,2,122,462,399,42,97,21,5,12,54,3,0,49,55,0.243,0.335,0.411,0.746,110,0.333,113,164,5,8,2,4,4,487D/H93,,mcneije01
83,Mickey Moniak*,27,COL,-0.6,135,461,434,62,117,20,8,24,68,9,3,22,110,0.27,0.306,0.518,0.824,116,0.349,110,225,4,2,0,3,1,*98H7D,,moniami01
84,Kyle Stowers*,27,MIA,3.6,117,457,399,61,115,21,3,25,73,5,1,48,125,0.288,0.368,0.544,0.912,150,0.391,148,217,6,5,1,4,3,79H8/D,AS,stoweky01
85,Patrick Bailey#,26,SFG,1.1,135,452,409,47,91,18,3,6,55,1,0,30,133,0.222,0.277,0.325,0.602,72,0.269,70,133,7,3,4,6,0,*2H/D,GG,bailepa01
86,Iván Herrera,25,STL,2.2,107,452,388,54,110,13,0,19,66,8,2,43,84,0.284,0.373,0.464,0.837,138,0.372,140,180,20,15,0,4,1,D2/7H,,herreiv01
87,Tommy Pham,37,PIT,1,120,449,392,44,96,17,1,10,52,5,3,50,94,0.245,0.33,0.37,0.7,93,0.317,98,145,12,2,0,5,3,*7/H9D,,phamth01
88,Austin Riley,28,ATL,1.3,102,447,416,54,108,20,1,16,54,2,1,27,128,0.26,0.309,0.428,0.737,106,0.321,104,178,9,3,0,1,1,5,,rileyau01
89,Drake Baldwin*,24,ATL,3.3,124,446,405,56,111,18,2,19,80,0,0,38,68,0.274,0.341,0.469,0.81,126,0.358,130,190,9,3,0,0,0,2HD,ROY-1,baldwdr01
90,Isaac Collins#,27,MIL,2,130,441,372,56,98,22,3,9,54,16,7,57,93,0.263,0.368,0.411,0.779,117,0.354,125,153,8,6,3,3,0,*7H/9D54,ROY-4,colliis01
91,Matt Shaw,23,CHC,3.1,126,437,393,57,89,21,3,13,44,17,5,38,94,0.226,0.295,0.394,0.69,99,0.309,99,155,2,2,0,4,0,*5/H4,ROY-9,shawma01
92,Eugenio Suárez,33,ARI,3.3,106,437,387,64,96,19,0,36,87,1,0,29,117,0.248,0.32,0.576,0.897,141,0.386,145,223,7,15,0,6,1,5/DH3,AS,suareeu01
93,Nolan Arenado,34,STL,1.3,107,436,401,48,95,18,1,12,52,3,0,28,49,0.237,0.289,0.377,0.666,89,0.297,86,151,10,3,0,4,4,5/DH,,arenano01
94,Will Smith,30,LAD,4.5,110,436,362,64,107,20,1,17,61,2,3,64,89,0.296,0.404,0.497,0.901,153,0.387,151,180,7,5,0,5,1,2H/D,ASMVP-20,smithwi05
95,Brett Baty*,25,NYM,3.1,130,432,393,53,100,13,2,18,50,8,0,33,108,0.254,0.313,0.435,0.748,110,0.336,113,171,6,2,0,3,0,54H/D,,batybr01
96,Tyler Freeman,26,COL,-1.3,110,428,377,50,106,20,2,2,31,18,9,34,51,0.281,0.354,0.361,0.715,93,0.324,93,136,10,11,2,4,0,9D4H/57,,freemty01
97,Isiah Kiner-Falefa,30,PIT,1.6,119,428,401,40,106,20,2,1,35,15,4,17,69,0.264,0.3,0.332,0.632,75,0.293,78,133,9,4,5,1,0,65/H,,kineris01
98,Brandon Marsh*,27,PHI,1.7,133,425,379,59,106,25,2,11,43,7,1,38,110,0.28,0.342,0.443,0.785,114,0.346,112,168,2,0,3,4,1,*87H/9,,marshbr02
99,Carson Kelly,30,CHC,3.6,111,421,369,48,92,13,1,17,50,2,0,45,80,0.249,0.333,0.428,0.761,120,0.337,121,158,11,3,0,4,0,2/HD,,kellyca02
100,Nick Allen,26,ATL,0.6,135,416,371,32,82,11,0,0,22,8,7,31,99,0.221,0.284,0.251,0.535,53,0.243,50,93,8,3,8,3,0,*6/4H,,allenni02
101,Austin Hays,29,CIN,0.8,103,416,380,60,101,16,5,15,64,7,0,29,107,0.266,0.315,0.453,0.768,107,0.335,101,172,9,1,0,6,2,7D/H,,haysau01
102,Ronald Acuña Jr.,27,ATL,3,95,412,338,74,98,12,1,21,42,9,1,71,102,0.29,0.417,0.518,0.935,163,0.407,162,175,5,3,0,0,4,9/DH,AS,acunaro01
103,Spencer Horwitz*,27,PIT,1.6,108,411,364,55,99,26,0,11,51,0,1,44,73,0.272,0.353,0.434,0.787,116,0.346,119,158,7,2,0,1,1,3H/4D,,horwisp01
104,Nick Gonzales,26,PIT,-0.6,96,408,381,39,99,18,3,5,30,0,2,21,73,0.26,0.299,0.362,0.661,82,0.293,82,138,12,2,0,4,0,46,,gonzani01
105,Nolan Gorman*,25,STL,0.1,111,402,351,48,72,14,1,14,46,1,1,47,136,0.205,0.296,0.37,0.666,90,0.294,86,130,1,0,0,4,2,54D/H3,,gormano01
106,Ryan McMahon*,30,COL,1.2,100,401,350,42,76,15,1,16,35,2,1,49,127,0.217,0.314,0.403,0.717,91,0.314,86,141,4,1,0,1,1,5/HD,,mcmahry01
107,Jordan Walker,23,STL,-1.7,111,396,363,40,78,13,1,6,41,10,3,29,126,0.215,0.278,0.306,0.584,67,0.273,69,111,9,3,0,1,1,9/HD,,walkejo02
108,Rafael Devers*,28,SFG,1.9,90,395,335,52,79,15,0,20,51,0,0,56,116,0.236,0.347,0.46,0.807,129,0.349,127,154,9,2,0,2,3,D3/5H,,deverra01
109,Josh Naylor*,28,ARI,0.8,93,394,349,49,102,19,1,11,59,11,2,37,49,0.292,0.36,0.447,0.807,122,0.356,122,156,14,2,0,4,4,3D/H,,naylojo01
110,Liam Hicks*,26,MIA,1.3,119,390,332,37,82,13,1,6,45,2,0,43,56,0.247,0.346,0.346,0.693,94,0.32,98,115,5,9,3,3,0,23HD,,hicksli01
111,Ezequiel Tovar,23,COL,0.6,95,390,360,44,91,18,4,9,33,5,3,21,98,0.253,0.294,0.4,0.694,84,0.305,80,144,2,1,6,2,0,6,,tovarez01
112,Pedro Pagés,26,STL,1.4,112,389,361,38,83,15,0,11,45,0,0,19,107,0.23,0.272,0.363,0.635,80,0.278,74,131,9,3,3,3,1,*2/34,,pagespe02
113,Max Muncy*,34,LAD,3.6,100,388,313,48,76,10,2,19,67,4,0,64,83,0.243,0.376,0.47,0.846,137,0.37,136,147,4,6,0,5,2,5H,,muncyma01
114,Tommy Edman#,30,LAD,1.1,97,377,346,49,78,13,1,13,49,3,1,19,61,0.225,0.274,0.382,0.655,83,0.302,88,132,4,6,1,5,0,485/HD,,edmanto01
115,Jared Triolo,27,PIT,2.3,107,376,331,41,75,18,2,7,24,13,2,39,76,0.227,0.311,0.356,0.667,84,0.318,94,118,4,2,3,1,1,6534/H1D,,triolja01
116,Mike Yastrzemski*,34,SFG,1.8,96,372,321,38,74,14,1,8,28,6,2,47,86,0.231,0.33,0.355,0.685,96,0.314,102,114,4,1,2,1,4,9/H1,,yastrmi01
117,Jurickson Profar#,32,ATL,1.1,80,371,318,56,78,16,1,14,43,9,2,48,59,0.245,0.353,0.434,0.787,121,0.355,125,138,4,5,0,0,0,7/D,,profaju01
118,Jacob Young,25,WSN,1.4,120,364,324,34,75,10,1,2,31,15,11,27,65,0.231,0.296,0.287,0.583,68,0.268,71,93,7,3,9,1,0,*8H/D,,youngja03
119,Noelvi Marté,23,CIN,1.4,90,360,339,45,89,17,2,14,51,10,3,16,85,0.263,0.3,0.448,0.748,102,0.337,103,152,7,3,0,2,0,95/H8D,,marteno01
120,Daylen Lile*,22,WSN,0.8,91,351,321,51,96,15,11,9,41,8,6,21,56,0.299,0.347,0.498,0.845,137,0.368,142,160,5,4,1,3,0,97D/H,ROY-5,lileda01
121,Casey Schmitt,26,SFG,0.6,95,348,312,34,74,15,0,12,40,0,0,27,83,0.237,0.305,0.401,0.706,100,0.311,101,125,6,5,1,3,1,453/H6D,,schmica01
122,Jose Iglesias,35,SDP,-0.7,112,343,306,29,70,11,0,3,36,5,1,24,56,0.229,0.298,0.294,0.592,66,0.288,74,90,7,7,4,2,0,465HD/7,,iglesjo01
123,Javier Sanoja,22,MIA,1.5,118,342,313,40,76,22,4,6,38,6,5,19,41,0.243,0.287,0.396,0.683,88,0.307,92,124,2,2,4,4,0,574H86/13D,GG,sanojja01
124,Tyler Stephenson,28,CIN,1.3,88,342,299,40,69,18,0,13,50,0,1,37,116,0.231,0.316,0.421,0.737,100,0.327,99,126,4,2,0,4,1,2D/H,,stephty01
125,Tyrone Taylor,31,NYM,1,113,341,310,34,69,18,3,2,27,12,2,16,76,0.223,0.279,0.319,0.598,70,0.276,70,99,4,9,3,2,1,*8H/79,,tayloty01
126,Sean Murphy,30,ATL,2.4,94,337,291,34,58,13,0,16,45,0,0,35,105,0.199,0.3,0.409,0.709,98,0.314,99,119,9,8,0,3,1,2H/D,,murphse01
127,Connor Norby,25,MIA,0.7,88,337,311,42,78,17,1,8,34,8,2,18,90,0.251,0.3,0.389,0.689,90,0.317,95,121,3,5,0,3,0,5/HD,,norbyco01
128,Jesús Sánchez*,27,MIA,1.1,86,337,305,40,78,12,4,10,36,9,2,29,70,0.256,0.32,0.42,0.74,105,0.328,102,128,8,1,0,2,1,9H8/D7,,sanchje02
129,Michael Toglia#,26,COL,-1.7,88,337,306,22,58,15,1,11,32,3,0,28,132,0.19,0.258,0.353,0.611,62,0.272,54,108,7,1,0,2,2,3/DH,,toglimi01
130,Dane Myers,29,MIA,-0.1,106,333,307,29,72,10,0,6,31,18,5,23,77,0.235,0.291,0.326,0.617,72,0.284,69,100,12,2,0,1,0,89H7/D,,myersda01
131,Joey Bart,28,PIT,0.5,93,332,285,21,71,12,1,4,30,1,1,40,93,0.249,0.355,0.34,0.696,94,0.32,100,97,14,7,0,0,0,2/HD,,bartjo01
132,Starling Marte,36,NYM,1,98,329,293,37,79,14,0,9,34,7,2,22,68,0.27,0.335,0.41,0.745,110,0.331,112,120,7,9,1,4,0,DH/79,,martest01
133,Santiago Espinal,30,CIN,-1.4,114,328,301,25,73,12,0,0,16,2,1,21,38,0.243,0.292,0.282,0.575,59,0.257,48,85,11,1,3,2,0,54H7/93D6,,espinsa01
134,Rhys Hoskins,32,MIL,0.9,90,328,279,30,66,12,1,12,43,2,1,38,91,0.237,0.332,0.416,0.748,107,0.331,108,116,6,5,0,6,2,3/HD,,hoskirh01
135,Dylan Crews,23,WSN,0.3,85,322,293,43,61,8,2,10,27,17,5,24,76,0.208,0.28,0.352,0.631,79,0.288,79,103,4,5,0,0,0,98/D,,crewsdy01
136,Alex Call,30,2TM,1.5,110,322,270,43,72,13,2,5,31,2,1,36,55,0.267,0.361,0.385,0.746,113,0.338,117,104,6,6,6,4,0,97H/D8,,callal02
136,Alex Call,30,WSN,1.1,72,237,197,30,54,9,2,3,26,1,1,26,36,0.274,0.371,0.386,0.756,117,0.345,124,76,5,6,5,3,0,97H/D8,,callal02
136,Alex Call,30,LAD,0.4,38,85,73,13,18,4,0,2,5,1,0,10,19,0.247,0.333,0.384,0.717,102,0.321,100,28,1,0,1,1,0,7H9/8D,,callal02
137,Miguel Rojas,36,LAD,2.1,114,317,290,35,76,18,0,7,27,5,0,24,46,0.262,0.318,0.397,0.715,101,0.319,98,115,7,0,3,0,1,456H/13,,rojasmi02
138,Gabriel Moreno,25,ARI,1.6,83,309,277,44,79,12,1,9,40,2,2,29,53,0.285,0.353,0.433,0.786,116,0.341,115,120,6,1,0,2,3,2/DH,,morenga01
139,Jose Trevino,32,CIN,-0.2,93,302,282,30,67,20,0,4,22,0,0,15,39,0.238,0.272,0.351,0.623,70,0.278,63,99,9,0,1,4,0,2/D1H,,trevijo01
140,Kyle Farmer,34,COL,-0.8,97,300,277,24,63,14,0,8,31,0,1,17,66,0.227,0.28,0.365,0.645,71,0.288,68,101,9,4,0,2,0,4D3H65/1,,farmeky01
141,Thomas Saggese,23,STL,0.4,82,295,275,25,71,17,0,2,25,3,0,16,83,0.258,0.299,0.342,0.641,83,0.288,80,94,5,1,1,2,0,465/HD,,saggeth01
142,Heriberto Hernández,25,MIA,0.9,87,294,256,40,68,12,1,10,45,1,1,31,77,0.266,0.347,0.438,0.784,117,0.344,116,112,6,3,0,4,0,7D9H,ROY-13,hernahe01
143,Pavin Smith*,29,ARI,0.4,87,288,244,36,63,17,1,8,28,2,2,41,92,0.258,0.362,0.434,0.797,120,0.35,121,106,7,0,0,2,1,D3H,,smithpa04
144,Riley Adams,29,WSN,0.4,83,286,263,29,49,8,0,8,24,1,0,18,110,0.186,0.252,0.308,0.56,59,0.258,61,81,6,5,0,0,0,2/H3D,,adamsri03
145,Henry Davis,25,PIT,0.7,87,283,252,25,42,7,0,7,22,2,1,18,76,0.167,0.234,0.278,0.512,41,0.237,40,70,2,5,3,3,0,2/HD,,davishe01
146,Elias Díaz,34,SDP,-0.2,106,283,255,34,52,7,0,9,29,0,0,21,74,0.204,0.27,0.337,0.607,68,0.271,63,86,11,2,5,0,0,2H,,diazel01
147,Luis Torrens,29,NYM,1.4,92,283,261,20,59,14,1,5,29,1,0,19,56,0.226,0.284,0.345,0.629,77,0.283,78,90,7,2,1,0,0,2H/1D3,,torrelu01
148,Francisco Alvarez,23,NYM,1.9,76,277,246,32,63,12,1,11,32,0,0,27,73,0.256,0.339,0.447,0.787,121,0.35,126,110,6,4,0,0,0,2/HD,,alvarfr01
149,Brady House,22,WSN,-0.6,73,274,261,26,61,11,0,4,29,5,3,8,78,0.234,0.252,0.322,0.574,62,0.252,58,84,11,0,0,5,0,5/H,,housebr01
150,Eli White,31,ATL,0.7,105,271,256,43,60,8,3,10,35,10,1,11,70,0.234,0.27,0.406,0.677,88,0.308,89,104,2,2,1,1,1,97H/D83,,whiteel04
151,Keibert Ruiz#,26,WSN,0.8,68,267,255,19,63,12,0,2,25,0,2,8,26,0.247,0.277,0.318,0.595,69,0.271,73,81,4,3,0,1,0,2/H,,ruizke01
152,Blaze Alexander,26,ARI,1.7,74,266,230,31,53,12,1,7,28,4,6,22,86,0.23,0.323,0.383,0.706,95,0.315,101,88,5,10,3,1,0,54/H78D,,alexabl01
153,Adam Frazier*,33,PIT,0.3,78,262,235,22,60,10,0,3,21,7,5,17,45,0.255,0.318,0.336,0.654,82,0.292,82,79,8,6,1,3,2,47H/9,,fraziad01
154,Edmundo Sosa,29,PHI,2.3,89,261,243,30,67,12,1,11,39,1,1,10,56,0.276,0.307,0.469,0.777,110,0.337,109,114,7,2,3,2,0,456H/78D,,sosaed01
155,Kiké Hernández,33,LAD,0.2,92,256,232,30,47,8,0,10,35,0,0,18,68,0.203,0.255,0.366,0.621,73,0.276,71,85,7,0,1,5,0,357H4/81D,,hernaen02
156,Andrew Vaughn,27,MIL,1.3,64,254,221,26,68,14,0,9,46,0,0,24,37,0.308,0.375,0.493,0.869,140,0.374,139,109,8,3,1,5,0,3/H,,vaughan01
157,Will Benson*,27,CIN,0.6,90,253,230,31,52,8,2,12,41,2,2,16,67,0.226,0.273,0.435,0.708,90,0.301,81,100,4,1,0,6,1,97H8/D,,bensowi01
158,Tyler Fitzgerald,27,SFG,0.9,72,243,217,19,47,10,1,4,14,9,4,17,70,0.217,0.278,0.327,0.606,73,0.276,75,71,3,2,6,1,0,4/H9,,fitzgty01
159,Alexander Canario,25,PIT,0.5,87,234,216,25,47,6,1,6,20,3,1,17,80,0.218,0.274,0.338,0.611,68,0.279,70,73,5,0,0,1,0,789H/D,,canaral01
160,Jakob Marsee*,24,MIA,1.9,55,234,209,28,61,18,3,5,33,14,6,22,48,0.292,0.363,0.478,0.842,133,0.365,130,100,2,2,0,1,0,87/9H,ROY-8,marseja01
161,Dominic Smith*,30,SFG,0.4,63,225,204,26,58,12,0,5,33,2,0,15,42,0.284,0.333,0.417,0.75,113,0.329,112,85,5,2,0,4,0,3/HD9,,smithdo02
162,Tim Tawa,26,ARI,0.5,74,225,199,29,40,8,0,7,18,8,2,20,64,0.201,0.274,0.347,0.62,70,0.284,70,69,6,1,2,3,0,4387H/59,,tawati01
163,Jake McCarthy*,27,ARI,-0.7,67,222,206,18,42,7,5,4,20,6,0,10,40,0.204,0.247,0.345,0.591,61,0.271,59,71,2,2,3,1,0,789/HD,,mccarja02
164,Jake Bauers*,29,MIL,0.7,85,218,183,28,43,9,0,7,28,8,1,32,59,0.235,0.353,0.399,0.752,110,0.34,111,73,1,2,0,1,1,3H7/D19,,bauerja01
165,Otto Kemp,25,PHI,-0.2,62,218,197,26,46,11,0,8,28,2,2,12,67,0.234,0.298,0.411,0.709,93,0.314,93,81,4,7,0,2,0,537/H4,,kempot01
166,Jake Fraley*,30,2TM,0.3,76,217,191,31,46,9,0,6,23,4,3,25,49,0.241,0.332,0.382,0.714,96,0.323,99,73,1,1,0,0,1,9H/7D,,fraleja01
166,Jake Fraley*,30,CIN,0.4,67,193,168,29,39,8,0,6,23,4,2,24,41,0.232,0.332,0.387,0.719,97,0.324,96,65,1,1,0,0,1,9H/7D,,fraleja01
166,Jake Fraley*,30,ATL,0,9,24,23,2,7,1,0,0,0,0,1,1,8,0.304,0.333,0.348,0.681,93,0.319,117,8,0,0,0,0,0,/9H7D,,fraleja01
167,Orlando Arcia,30,2TM,-1.2,76,214,203,13,41,7,1,3,13,0,1,10,47,0.202,0.238,0.291,0.529,42,0.243,39,59,4,0,0,1,0,6453/HD,,arciaor01
167,Orlando Arcia,30,ATL,-0.1,14,32,31,1,6,1,0,0,1,0,0,1,8,0.194,0.219,0.226,0.445,26,0.23,39,7,0,0,0,0,0,6/DH,,arciaor01
167,Orlando Arcia,30,COL,-1.1,62,182,172,12,35,6,1,3,12,0,1,9,39,0.203,0.242,0.302,0.544,45,0.245,39,52,4,0,0,1,0,4563/HD,,arciaor01
168,Alex Verdugo*,29,ATL,-0.3,56,213,197,21,47,10,0,0,12,1,0,14,31,0.239,0.296,0.289,0.585,67,0.269,66,57,1,2,0,0,0,7/H,,verdual01
169,Nacho Alvarez Jr.,22,ATL,0.8,58,208,188,18,44,12,0,2,15,0,0,12,49,0.234,0.296,0.33,0.626,77,0.28,74,62,1,5,2,1,0,5/H,,alvarna01
170,Paul DeJong,31,WSN,-0.1,57,208,193,18,44,10,0,6,23,4,0,11,70,0.228,0.269,0.373,0.642,81,0.283,75,72,3,1,0,3,0,546/D3H,,dejonpa01
171,Ryan Ritter,24,COL,0.3,60,207,187,22,45,9,3,1,18,3,1,10,61,0.241,0.296,0.337,0.632,69,0.29,67,63,7,5,4,1,0,64/H,,rittery01
172,Robert Hassell III*,23,WSN,-0.1,70,206,197,22,44,9,0,3,18,4,0,8,62,0.223,0.257,0.315,0.572,62,0.266,64,62,4,1,0,0,0,89H/7D,,hassero02
173,José Herrera#,28,ARI,0,57,204,166,21,31,6,0,2,17,0,0,23,47,0.187,0.285,0.259,0.544,52,0.254,49,43,2,1,11,3,0,02월 01일,,herrejo04
174,Ramón Laureano,30,SDP,0.8,50,198,182,27,49,9,2,9,30,3,1,13,47,0.269,0.323,0.489,0.812,122,0.348,118,89,4,2,0,1,0,78/9HD,,laurera01
175,Harrison Bader,31,PHI,1.3,50,194,177,30,54,11,1,5,16,1,3,12,55,0.305,0.361,0.463,0.824,125,0.351,122,82,2,4,0,1,0,8/H,,baderha01
176,Luisangel Acuña,23,NYM,0.6,95,193,175,30,41,7,0,0,8,16,1,13,37,0.234,0.293,0.274,0.567,63,0.273,59,48,6,2,2,1,0,4H/658,,acunajo01
177,Christian Koss,27,SFG,1.8,74,191,174,25,46,9,0,3,23,4,1,9,45,0.264,0.309,0.368,0.676,93,0.317,103,64,4,3,3,2,0,4H5/61D,,kossch01
178,Justin Turner,40,CHC,-0.1,80,191,169,14,37,7,0,3,18,2,0,17,37,0.219,0.288,0.314,0.602,76,0.282,81,53,3,1,0,4,0,3HD5,,turneju01
179,Randal Grichuk,33,ARI,-0.4,70,188,175,25,42,15,1,7,22,0,1,10,39,0.24,0.277,0.457,0.734,98,0.317,98,80,5,0,0,3,1,DH9/78,,grichra01
180,Luis Matos,23,SFG,-0.2,57,184,172,26,38,9,1,8,22,4,0,11,27,0.221,0.266,0.424,0.691,94,0.306,93,73,5,0,0,1,0,97/8HD,,matoslu02
181,Ronny Mauricio#,24,NYM,0.7,61,184,168,19,38,6,0,6,10,4,0,15,54,0.226,0.293,0.369,0.663,87,0.303,89,62,5,1,0,0,1,5H/46D,,mauriro01
182,Graham Pauley*,24,MIA,0.7,62,184,161,18,36,9,1,4,11,2,0,21,36,0.224,0.311,0.366,0.678,89,0.303,85,59,1,0,1,1,0,5/438,,paulegr01
183,Ryan O'Hearn*,31,SDP,0.4,50,183,163,22,45,6,0,4,20,0,0,16,46,0.276,0.35,0.387,0.736,105,0.332,107,63,1,3,0,1,1,3D/H9,AS,ohearry01
184,Jack Suwinski*,26,PIT,-0.3,59,178,150,15,22,7,0,3,10,7,1,24,57,0.147,0.281,0.253,0.534,50,0.258,51,38,1,4,0,0,1,879/HD,,suwinja01
185,Johan Rojas,24,PHI,0.5,71,172,152,23,34,3,2,1,18,12,2,13,40,0.224,0.28,0.289,0.569,58,0.271,53,44,2,0,4,3,0,8H/D,,rojasjo03
186,Blake Perkins#,28,MIL,0.3,54,171,155,25,35,6,2,3,19,7,2,15,47,0.226,0.298,0.348,0.647,80,0.296,81,54,4,1,0,0,0,8/HD,,perkibl01
187,Hyeseong Kim*,26,LAD,1.7,71,170,161,19,45,6,1,3,17,13,1,7,52,0.28,0.314,0.385,0.699,96,0.335,102,62,0,1,1,0,0,4H86,,kimhy02
188,José Tena*,24,WSN,0.3,50,169,152,19,37,13,2,0,16,3,1,15,37,0.243,0.314,0.355,0.669,91,0.297,88,54,4,1,0,1,0,5/4HD,,tenajo01
189,LaMonte Wade Jr.*,31,SFG,-1.2,50,169,144,12,24,8,2,1,15,0,0,21,35,0.167,0.275,0.271,0.546,58,0.255,61,39,2,1,2,1,1,3/HD,,wadela01
190,Yohel Pozo,28,STL,0.2,67,168,160,16,37,8,0,5,19,0,0,7,22,0.231,0.262,0.375,0.637,80,0.281,76,60,4,0,0,1,0,2H/3D,,pozoyo01
191,Thairo Estrada,29,COL,-0.4,39,165,154,14,39,9,0,3,21,1,3,6,26,0.253,0.285,0.37,0.655,74,0.286,72,57,6,2,0,3,0,4,,estrath01
192,Martín Maldonado,38,SDP,-0.2,64,161,147,11,30,6,0,4,12,0,0,8,57,0.204,0.245,0.327,0.572,57,0.258,53,48,3,0,6,0,0,2,,maldoma01
193,Amed Rosario,29,WSN,0.3,46,158,148,19,40,8,0,5,18,1,0,7,22,0.27,0.31,0.426,0.736,107,0.326,108,63,5,2,0,1,0,54H/D169,,rosaram01
194,Kyle Karros,22,COL,0,43,156,137,20,31,4,0,1,9,0,0,15,41,0.226,0.308,0.277,0.585,59,0.274,57,38,5,2,0,2,0,5/DH,,karroky01
195,Dalton Rushing*,24,LAD,0.2,53,155,142,15,29,5,0,4,24,0,0,10,58,0.204,0.258,0.324,0.582,63,0.263,61,46,1,1,0,2,0,2/H3D,,rushida01
196,Brandon Lockridge,28,2TM,0.2,67,148,134,17,31,7,1,0,11,10,1,8,36,0.231,0.276,0.299,0.574,60,0.266,51,40,2,1,3,2,0,78H9/D,,lockrbr01
196,Brandon Lockridge,28,SDP,-0.2,47,95,88,9,19,4,0,0,5,8,1,4,24,0.216,0.258,0.261,0.519,45,0.247,35,23,2,1,2,0,0,78H/9,,lockrbr01
196,Brandon Lockridge,28,MIL,0.4,20,53,46,8,12,3,1,0,6,2,0,4,12,0.261,0.308,0.37,0.677,88,0.3,80,17,0,0,1,2,0,/89H7D,,lockrbr01
197,Yanquiel Fernández*,22,COL,-0.8,52,147,138,13,31,5,0,4,11,0,0,8,44,0.225,0.265,0.348,0.613,63,0.269,54,48,4,0,0,1,0,D9/H7,,fernaya01
198,Warming Bernabel,23,COL,0,40,146,139,15,35,8,1,4,14,1,1,7,25,0.252,0.288,0.41,0.698,84,0.311,85,57,2,0,0,0,0,3/5DH,,bernawa01
199,Cedric Mullins*,30,NYM,0.5,42,143,121,16,22,4,1,2,10,8,0,16,35,0.182,0.284,0.281,0.565,61,0.287,71,34,0,2,2,2,0,8/H,,mullice01
200,Nick Fortes,28,MIA,0.4,59,141,129,11,31,6,1,2,10,0,0,7,22,0.24,0.288,0.349,0.637,77,0.278,69,45,4,2,2,1,0,2/HD,,forteni01
201,Derek Hill,29,MIA,0.8,53,141,127,19,27,6,0,3,10,7,0,9,46,0.213,0.275,0.331,0.606,68,0.285,64,42,3,2,3,0,0,8/HD,,hillde01
202,Reese McGuire*,30,CHC,0.3,44,140,133,17,30,2,0,9,24,0,0,4,27,0.226,0.245,0.444,0.688,95,0.289,87,59,3,0,1,2,0,2/H1,,mcguire01
203,Freddy Fermin,30,SDP,0.9,42,139,127,15,31,6,0,2,14,0,0,6,28,0.244,0.278,0.339,0.617,70,0.285,73,43,3,0,6,0,0,2/H,,fermifr01
204,Christian Encarnacion-Strand,25,CIN,-0.6,36,137,130,13,27,4,0,6,19,0,2,3,32,0.208,0.234,0.377,0.61,64,0.254,52,49,1,2,0,2,0,03월 05일,,encarch01
205,James McCann,35,ARI,1,42,137,123,18,32,6,0,5,17,0,0,8,33,0.26,0.324,0.431,0.754,107,0.334,109,53,3,4,1,1,0,2/H3,,mccanja02
206,Andruw Monasterio,28,MIL,0.8,68,135,126,19,34,9,0,4,16,2,1,7,32,0.27,0.319,0.437,0.755,108,0.333,110,55,1,2,0,0,0,63H4/57,,monasan01
207,Matt Mervis*,27,MIA,-0.7,42,134,120,15,21,4,0,7,14,0,0,11,50,0.175,0.254,0.383,0.637,75,0.288,76,46,1,2,0,1,1,3D/H,,mervima01
208,Adrian Del Castillo*,25,ARI,-0.1,44,131,120,9,29,6,0,4,17,0,0,8,47,0.242,0.29,0.392,0.682,87,0.297,82,47,2,1,0,2,0,DH/2,,delcaad01
209,Adael Amador#,22,COL,-1.2,41,128,113,5,20,7,0,1,10,1,1,11,27,0.177,0.256,0.265,0.521,40,0.244,36,30,2,1,3,0,0,4/H,,amadoad01
210,Tyler Wade*,30,SDP,-0.6,59,127,107,13,22,1,2,0,9,1,2,15,31,0.206,0.309,0.252,0.561,59,0.262,61,27,0,1,4,0,0,8H7/459D61,,wadety01
211,Weston Wilson,30,PHI,-0.5,52,125,111,15,22,4,0,5,17,2,3,12,34,0.198,0.282,0.369,0.652,78,0.289,80,41,1,1,1,0,0,74/3H1D5,,wilsowe01
212,Troy Johnston*,28,MIA,0.3,44,121,112,12,31,2,1,4,13,2,2,8,26,0.277,0.331,0.42,0.75,108,0.333,111,47,1,1,0,0,0,397/HD,,johnstr02
213,Ildemaro Vargas#,33,ARI,0.2,38,121,115,12,31,2,1,3,19,0,0,2,15,0.27,0.292,0.383,0.674,85,0.291,78,44,3,2,1,1,0,43/H5D6,,vargail01
214,Braxton Fulford,26,COL,-0.2,38,120,108,11,23,5,2,1,16,1,0,7,36,0.213,0.267,0.324,0.591,58,0.262,47,35,1,2,0,3,0,2/DH,,fulfobr01
215,Rafael Marchán#,26,PHI,0.2,42,118,105,9,22,4,0,2,13,0,0,10,17,0.21,0.282,0.305,0.587,62,0.266,57,32,1,1,1,1,0,2/H,,marchra01
216,Tyler Locklear,24,ARI,-1.1,31,116,103,11,18,0,0,3,6,3,1,10,43,0.175,0.267,0.262,0.529,48,0.248,47,27,3,3,0,0,0,3/H,,locklty01
217,Nick Martini*,35,COL,-0.2,43,111,102,9,23,4,0,1,4,0,0,9,18,0.225,0.288,0.294,0.582,57,0.267,52,30,1,0,0,0,1,D9H/7,,martini02
218,Miguel Andujar,30,CIN,0.6,34,110,103,14,37,7,0,4,17,0,0,6,19,0.359,0.4,0.544,0.944,156,0.407,155,56,3,1,0,0,0,DH/37,,andujmi01
219,Willi Castro#,28,CHC,-0.5,34,110,100,10,17,2,1,1,6,1,1,8,27,0.17,0.245,0.24,0.485,43,0.23,47,24,3,2,0,0,0,95/48H7,,castrwi01
220,Drew Gilbert*,24,SFG,-0.3,39,109,100,12,19,5,1,3,13,1,1,7,20,0.19,0.248,0.35,0.598,69,0.267,71,35,2,1,0,1,0,9/8H7,,gilbedr01
221,Jon Berti,35,CHC,0.2,51,107,100,12,21,2,0,0,2,11,3,5,22,0.21,0.262,0.23,0.492,45,0.244,48,23,1,2,0,0,0,5H4/19D,,bertijo01
222,Miguel Amaya,26,CHC,1.1,28,103,96,14,27,9,0,4,25,0,0,4,22,0.281,0.314,0.5,0.814,132,0.363,140,48,0,1,1,1,0,2/DH,,amayami01
223,Enmanuel Valdéz*,26,PIT,0.1,31,102,91,7,19,4,2,2,12,0,0,11,16,0.209,0.294,0.363,0.657,81,0.292,80,33,2,0,0,0,0,3/4H9,,valdeen01
224,Ha-Seong Kim,29,ATL,0.1,24,98,87,14,22,1,0,3,12,0,1,8,16,0.253,0.316,0.368,0.684,93,0.297,90,32,2,1,0,2,0,6/H,,kimha01
225,Alex Freeland#,23,LAD,0.2,29,97,84,10,16,2,1,2,6,1,0,11,35,0.19,0.292,0.31,0.601,70,0.276,68,26,3,1,1,0,0,54/H,,freelal01
226,Jason Heyward*,35,SDP,-0.6,34,95,85,9,15,2,0,2,12,0,1,6,20,0.176,0.223,0.271,0.494,37,0.22,31,23,1,0,0,3,0,7/H98,,heywaja01
227,Vidal Bruján#,27,2TM,0.1,59,94,86,14,21,5,0,0,8,2,1,6,21,0.244,0.298,0.302,0.6,73,0.268,69,26,1,1,0,1,0,H56/974D18,,brujavi01
227,Vidal Bruján#,27,CHC,-0.4,36,47,45,6,10,3,0,0,3,2,1,1,12,0.222,0.234,0.289,0.523,52,0.224,42,13,1,0,0,1,0,H5/749D68,,brujavi01
227,Vidal Bruján#,27,ATL,0.5,23,47,41,8,11,2,0,0,5,0,0,5,9,0.268,0.362,0.317,0.679,95,0.311,97,13,0,1,0,0,0,6/H591,,brujavi01
228,Jacob Stallings,35,COL,-0.9,28,93,84,4,12,3,0,0,6,0,0,5,31,0.143,0.217,0.179,0.396,8,0.188,-4,15,1,3,1,0,0,2/1H,,stallja01
229,Nasim Nuñez#,24,WSN,0.7,39,92,82,13,19,2,0,4,13,9,1,8,20,0.232,0.297,0.402,0.699,97,0.323,94,33,1,0,1,1,0,64H/8D,,nunezna01
230,Jeimer Candelario#,31,CIN,-0.9,22,91,80,3,9,2,0,2,10,0,1,9,29,0.113,0.198,0.213,0.41,13,0.185,2,17,1,0,0,2,0,5/3D,,candeje01
231,Garrett Hampson,30,3TM,-0.4,62,91,77,19,11,2,0,0,1,3,1,11,29,0.143,0.25,0.169,0.419,21,0.205,14,13,2,0,3,0,0,7H48/695D1,,hampsga01
231,Garrett Hampson,30,ARI,0.1,18,41,30,10,5,0,0,0,0,2,1,9,10,0.167,0.359,0.167,0.526,53,0.268,61,5,0,0,2,0,0,4/H6857,,hampsga01
231,Garrett Hampson,30,CIN,-0.2,9,19,18,0,3,1,0,0,0,0,0,1,6,0.167,0.211,0.222,0.433,19,0.187,-1,4,1,0,0,0,0,/748H56D,,hampsga01
231,Garrett Hampson,30,STL,-0.3,35,31,29,9,3,1,0,0,1,1,0,1,13,0.103,0.133,0.138,0.271,-22,0.133,-38,4,1,0,1,0,0,7H/986D145,,hampsga01
232,Andrew Knizner,30,SFG,0.3,33,88,77,12,17,1,1,1,5,0,0,7,10,0.221,0.299,0.299,0.598,72,0.312,101,23,0,2,1,1,0,2/DH,,kniznan01
233,Liover Peguero,24,PIT,0.2,33,88,80,9,16,1,0,4,8,4,0,6,25,0.2,0.273,0.363,0.635,74,0.302,79,29,3,2,0,0,0,6/3H4,,pegueli01
234,Ronny Simón#,25,2TM,-1.2,27,88,77,10,18,3,0,0,7,1,0,8,15,0.234,0.299,0.273,0.572,61,0.271,62,21,1,0,1,2,0,/47D9H6,,simonro01
234,Ronny Simón#,25,MIA,-0.7,19,56,47,6,11,2,0,0,5,0,0,7,7,0.234,0.327,0.277,0.604,71,0.295,80,13,1,0,1,1,0,/47D6H,,simonro01
234,Ronny Simón#,25,PIT,-0.5,8,32,30,4,7,1,0,0,2,1,0,1,8,0.233,0.25,0.267,0.517,43,0.231,32,8,0,0,0,1,0,/97DH,,simonro01
235,Griffin Conine*,27,MIA,0.1,24,86,79,13,20,7,0,2,8,0,1,7,25,0.253,0.314,0.418,0.732,102,0.325,107,33,0,0,0,0,0,7/9DH,,coningr01
236,Bryce Johnson#,29,SDP,0.6,55,84,76,9,26,4,0,1,8,4,1,3,19,0.342,0.383,0.434,0.817,127,0.375,135,33,1,2,3,0,0,78H9,,johnsbr03
237,Jesse Winker*,31,NYM,0,26,81,70,8,16,5,2,1,10,1,0,9,21,0.229,0.309,0.4,0.709,99,0.305,92,28,1,0,0,2,1,D/H7,,winkeje01
238,Connor Joe,32,2TM,-0.7,42,80,70,2,13,4,0,0,4,2,2,7,20,0.186,0.263,0.243,0.505,40,0.226,32,17,2,1,0,2,0,9H7/3D8,,joeco01
238,Connor Joe,32,SDP,-0.2,7,10,9,0,0,0,0,0,0,0,0,1,6,0,0.1,0,0.1,-69,0.07,-78,0,0,0,0,0,0,/H378D,,joeco01
238,Connor Joe,32,CIN,-0.5,35,70,61,2,13,4,0,0,4,2,2,6,14,0.213,0.286,0.279,0.564,56,0.249,48,17,2,1,0,2,0,97H/3D8,,joeco01
239,Danny Jansen,30,MIL,0.7,25,78,67,10,17,3,0,3,7,0,0,9,18,0.254,0.346,0.433,0.779,116,0.352,123,29,1,1,0,1,0,2/HD,,janseda01
240,Garrett Mitchell*,26,MIL,0,25,78,68,9,14,4,1,0,3,3,0,7,25,0.206,0.286,0.294,0.58,63,0.269,58,20,0,1,1,1,0,8/H,,mitchga01
241,Hayden Senger,28,NYM,-0.2,33,78,72,8,13,1,0,0,4,0,0,3,22,0.181,0.221,0.194,0.415,19,0.19,11,14,3,1,1,1,0,2/H,,sengeha01
242,Jorge Barrosa#,24,ARI,-0.7,33,77,71,8,10,3,0,1,7,0,0,2,22,0.141,0.169,0.225,0.394,8,0.17,-7,16,1,1,0,3,0,87/H9D,,barrojo01
243,Eric Haase,32,MIL,0.2,30,77,70,11,16,3,0,2,9,0,0,4,31,0.229,0.289,0.357,0.647,79,0.285,76,25,1,2,1,0,0,2/DH,,haaseer01
244,Blake Dunn,26,CIN,-0.1,30,75,60,10,9,2,0,1,7,1,1,8,25,0.15,0.32,0.233,0.553,56,0.27,60,14,1,7,0,0,0,97/8HD,,dunnbl01
245,Jordan Lawlar,22,ARI,-0.4,28,74,66,9,12,7,0,0,5,2,0,6,26,0.182,0.257,0.288,0.545,51,0.251,45,19,0,1,0,1,0,5H/D46,,lawlajo01
246,Sean Bouchard,29,COL,-0.9,32,73,66,7,11,0,1,1,7,1,1,7,27,0.167,0.247,0.242,0.489,32,0.235,32,16,2,0,0,0,0,9H/D73,,bouchse01
247,Andrés Chaparro,26,WSN,-0.4,34,73,66,4,12,2,0,1,5,0,0,5,22,0.182,0.247,0.258,0.504,44,0.231,42,17,0,1,0,1,0,3/HD,,chapaan01
248,Anthony Seigler*,26,MIL,-0.1,34,73,62,6,12,1,0,0,5,2,0,8,16,0.194,0.292,0.21,0.501,43,0.248,44,13,2,1,1,1,0,5H/123D,,seiglan01
249,Nick Yorke,23,PIT,0.3,22,72,69,7,16,3,0,1,8,1,0,3,15,0.232,0.264,0.319,0.583,60,0.273,64,22,1,0,0,0,0,4/395H,,yorkeni01
250,José Fermín,26,STL,0.8,30,70,60,5,17,5,0,1,9,2,2,8,10,0.283,0.377,0.417,0.793,127,0.358,137,25,0,1,1,0,0,4/H579D,,fermijo01
251,Moisés Ballesteros*,21,CHC,0.5,20,66,57,12,17,2,1,2,11,0,0,9,12,0.298,0.394,0.474,0.868,152,0.39,159,27,2,0,0,0,1,D/H32,,ballemo01
252,Nathan Church*,24,STL,0.4,27,65,56,9,10,1,0,1,8,1,0,3,18,0.179,0.254,0.25,0.504,45,0.249,50,14,0,3,2,1,0,8/97H,,churcna01
253,Jarred Kelenic*,25,ATL,-0.5,24,65,60,7,10,2,0,2,2,0,1,5,23,0.167,0.231,0.3,0.531,49,0.23,44,18,1,0,0,0,0,9/H7D,,kelenja01
254,Brett Wisely*,26,2TM,0.3,26,63,54,5,10,4,0,1,10,1,1,7,14,0.185,0.279,0.315,0.594,70,0.265,70,17,0,0,2,0,0,4/H56D,,wiselbr01
254,Brett Wisely*,26,SFG,0.3,22,54,48,5,10,4,0,1,10,1,1,4,10,0.208,0.269,0.354,0.623,77,0.27,75,17,0,0,2,0,0,4/H56D,,wiselbr01
254,Brett Wisely*,26,ATL,0,4,9,6,0,0,0,0,0,0,0,0,3,4,0,0.333,0,0.333,6,0.232,41,0,0,0,0,0,0,/4H,,wiselbr01
255,Maximo Acosta,22,MIA,0,19,61,54,7,11,1,0,3,5,1,2,6,17,0.204,0.295,0.389,0.684,89,0.305,97,21,0,1,0,0,0,5/46,,acostma02
256,Blaine Crim,28,COL,0.3,15,61,54,9,13,2,0,5,12,0,0,5,22,0.241,0.295,0.556,0.851,121,0.351,112,30,0,0,0,2,0,3/D,,crimbl01
257,Oscar González,27,SDP,-0.5,21,61,59,2,13,1,0,0,4,0,1,2,13,0.22,0.246,0.237,0.483,35,0.209,26,14,1,0,0,0,0,7/9HD,,gonzaos01
258,Sam Hilliard*,31,COL,-0.2,20,61,51,8,10,3,1,2,3,2,1,10,23,0.196,0.328,0.412,0.74,97,0.325,94,21,1,0,0,0,0,/7H89D,,hillisa01
259,Joey Wiemer,26,MIA,0.4,27,61,55,7,13,2,0,3,12,0,0,2,23,0.236,0.279,0.436,0.715,96,0.297,82,24,0,2,0,2,1,9/H7,,wiemejo01
260,Vinny Capra,28,MIL,-0.6,24,59,54,6,4,0,0,1,4,1,0,2,15,0.074,0.121,0.13,0.25,-30,0.154,-22,7,4,1,1,1,0,5/H46D,,capravi01
261,Sam Huff,27,SFG,-0.2,20,58,53,5,11,1,0,2,4,0,0,4,25,0.208,0.259,0.34,0.598,70,0.264,67,18,2,0,0,1,0,2,,huffsa01
262,Ben Rortvedt*,27,LAD,0.1,18,58,49,7,11,2,0,1,4,0,0,4,9,0.224,0.309,0.327,0.636,80,0.289,78,16,1,2,3,0,0,2,,rortvbe01
263,Sal Stewart,21,CIN,0.5,18,58,55,11,14,1,0,5,8,0,0,3,15,0.255,0.293,0.545,0.839,123,0.351,115,30,1,0,0,0,0,3/5H,,stewasa02
264,Endy Rodríguez#,25,PIT,-0.5,18,57,52,5,9,4,0,0,2,0,1,5,14,0.173,0.246,0.25,0.496,38,0.219,35,13,0,0,0,0,0,3/2H,,rodrien01
265,Jerar Encarnacion,27,SFG,0,19,56,55,5,11,3,0,2,7,1,0,1,15,0.2,0.214,0.364,0.578,61,0.251,55,20,3,0,0,0,0,9/H73,,encarje01
266,Stuart Fairchild,29,ATL,-0.3,28,55,51,7,11,4,1,0,2,2,1,4,15,0.216,0.273,0.333,0.606,70,0.281,76,17,2,0,0,0,0,9H/D78,,faircst01
267,Drew Millas#,27,WSN,0.2,18,55,49,6,15,5,1,0,7,2,0,4,7,0.306,0.358,0.449,0.807,129,0.357,126,22,0,0,1,0,0,2/DH,,milladr01
268,Bryan De La Cruz,28,ATL,-0.2,16,50,47,1,9,1,0,0,0,1,0,3,18,0.191,0.24,0.213,0.453,30,0.232,37,10,1,0,0,0,0,7/H9D,,delacbr01
269,Jared Young*,29,NYM,0.1,22,47,43,5,8,1,0,4,6,0,0,2,16,0.186,0.234,0.488,0.722,98,0.302,92,21,1,1,0,1,0,D/H137,,youngja02
270,Jimmy Crooks*,23,STL,-0.3,15,46,45,3,6,0,1,1,1,0,0,0,17,0.133,0.152,0.244,0.397,11,0.19,12,11,1,1,0,0,0,2/DH,,crookji01
271,Jonah Bride,29,MIA,-0.4,12,45,40,3,4,0,0,0,2,0,0,5,15,0.1,0.2,0.1,0.3,-12,0.161,-16,4,0,0,0,0,1,/D35H,,bridejo01
272,Austin Barnes,35,LAD,-0.3,13,44,42,4,9,3,0,0,2,0,0,1,14,0.214,0.233,0.286,0.518,46,0.227,34,12,1,0,1,0,0,2/3DH,,barneau01
273,Rece Hinds,24,CIN,-0.4,15,44,43,6,5,1,0,2,3,0,0,1,21,0.116,0.136,0.279,0.415,10,0.175,-9,12,1,0,0,0,0,9/H,,hindsre01
274,James Outman*,28,LAD,-0.2,22,44,39,8,4,1,0,2,4,0,0,4,18,0.103,0.205,0.282,0.487,36,0.221,31,11,0,1,0,0,0,8/H9,,outmaja01
275,Trenton Brooks*,29,SDP,-0.5,25,43,41,5,6,2,0,1,2,0,0,2,13,0.146,0.186,0.268,0.454,24,0.198,13,11,2,0,0,0,0,HD/7,,brooktr01
276,Alan Trejo,29,COL,-0.4,13,43,40,3,7,2,0,0,1,0,0,1,7,0.175,0.19,0.225,0.415,11,0.183,-9,9,3,0,1,1,0,06월 01일,,trejoal01
277,Austin Wynns,34,CIN,0.7,18,43,40,6,16,3,0,3,11,0,0,3,12,0.4,0.442,0.7,1.142,207,0.482,208,28,1,0,0,0,0,2/H3D,,wynnsau01
278,Daz Cameron,28,MIL,-0.5,21,42,41,7,8,1,0,1,3,1,0,1,13,0.195,0.214,0.293,0.507,40,0.229,32,12,1,0,0,0,0,9H/7,,camerda01
279,Matt Gorski,27,PIT,-0.3,15,42,41,2,8,0,1,2,4,0,1,1,16,0.195,0.214,0.39,0.605,63,0.241,52,16,1,0,0,0,0,3/H87,,gorskma01
280,Luken Baker,28,STL,-0.1,19,41,34,3,8,3,0,0,2,0,0,7,10,0.235,0.366,0.324,0.689,100,0.318,102,11,3,0,0,0,0,DH/3,,bakerlu01
281,Kris Bryant,33,COL,-0.5,11,41,39,2,6,2,0,0,1,0,0,2,13,0.154,0.195,0.205,0.4,8,0.183,-7,8,1,0,0,0,0,D/H,,bryankr01
282,Oliver Dunn*,27,MIL,-0.2,14,41,36,4,6,2,0,0,6,1,0,2,11,0.167,0.205,0.222,0.427,19,0.196,4,8,0,0,2,1,0,5/3H,,dunnol01
283,Austin Nola,35,COL,-0.2,14,41,38,2,7,1,0,0,1,0,0,2,5,0.184,0.225,0.211,0.436,18,0.199,2,8,2,0,1,0,0,2/13DH,,nolaau01
284,Yuli Gurriel,41,SDP,-0.5,16,40,36,2,4,1,0,0,3,0,0,4,8,0.111,0.2,0.139,0.339,-3,0.169,-9,5,0,0,0,0,0,D/H3,,gourryu01
285,Jorge Alfaro,32,WSN,-0.3,14,39,39,3,10,2,0,0,3,1,0,0,14,0.256,0.256,0.308,0.564,60,0.271,66,12,0,0,0,0,0,2,,alfarjo01
286,Cam Devanney,28,PIT,-0.5,14,38,36,1,5,1,0,0,1,0,1,2,21,0.139,0.184,0.167,0.351,-2,0.151,-10,6,1,0,0,0,0,5/H,,devanca01
287,Víctor Mesa Jr.*,23,MIA,0.1,16,38,32,7,6,2,0,1,6,0,0,5,5,0.188,0.297,0.344,0.641,78,0.287,74,11,0,0,1,0,0,/798H,,mesavi01
288,Bryce Eldridge*,20,SFG,-0.2,10,37,28,1,3,2,0,0,4,0,0,7,13,0.107,0.297,0.179,0.476,41,0.243,53,5,0,1,0,1,0,/D3,,eldribr01
289,Zac Veen*,23,COL,-0.3,12,37,34,1,4,1,0,1,2,1,1,2,14,0.118,0.189,0.235,0.424,13,0.182,-2,8,0,1,0,0,0,/79H,,veenza01
290,Jose Siri,29,NYM,-0.5,16,36,32,7,2,2,0,0,1,2,0,4,17,0.063,0.167,0.125,0.292,-15,0.16,-17,4,0,0,0,0,0,8/H,,sirijo01
291,Chris Taylor,34,LAD,-0.6,28,35,35,4,7,2,0,0,2,0,1,0,13,0.2,0.2,0.257,0.457,28,0.18,13,9,1,0,0,0,0,7/8H49,,tayloch03
292,Luke Williams,28,ATL,-0.4,39,34,31,5,4,2,0,0,5,5,0,1,9,0.129,0.176,0.194,0.37,5,0.204,-4,6,2,1,0,1,0,6H/15D,,willilu01
293,Aaron Schunk,27,COL,-0.3,16,33,32,1,6,1,0,0,0,0,0,0,10,0.188,0.188,0.219,0.406,9,0.18,-13,7,1,0,1,0,0,/64H5D,,schunaa01
294,José Barrero,27,STL,-0.1,22,31,29,4,4,1,0,1,3,0,0,1,9,0.138,0.194,0.276,0.469,32,0.21,26,8,0,1,0,0,0,/H48695,,garcijo02
295,Daniel Johnson*,29,SFG,0.2,14,31,29,5,5,2,0,1,1,1,0,2,8,0.172,0.226,0.345,0.571,60,0.257,57,10,0,0,0,0,0,/H897,,johnsda07
296,Owen Caissie*,22,CHC,-0.1,12,27,26,4,5,1,0,1,4,0,0,1,11,0.192,0.222,0.346,0.568,63,0.247,58,9,0,0,0,0,0,/9H7D,,caissow01
297,Luis Campusano,26,SDP,-0.4,10,27,21,0,0,0,0,0,0,0,0,6,11,0,0.222,0,0.222,-31,0.155,-18,0,2,0,0,0,0,/DH,,campulu01
298,Mason McCoy,30,SDP,-0.1,18,26,22,5,3,1,0,0,1,2,0,3,7,0.136,0.269,0.182,0.451,29,0.272,52,4,0,1,0,0,0,6/H4D,,mccoyma01
299,Grant McCray*,24,SFG,-0.4,22,26,22,3,2,0,1,0,2,0,0,2,11,0.091,0.16,0.182,0.342,-2,0.155,-14,4,1,0,1,1,0,97/H8,,mccragr01
300,Buddy Kennedy,26,2TM,-0.5,11,26,24,1,1,0,0,0,1,0,0,1,7,0.042,0.115,0.042,0.157,-53,0.121,-41,1,0,1,0,0,0,/53HD,,kennebu01
300,Buddy Kennedy,26,PHI,-0.1,4,8,7,0,0,0,0,0,0,0,0,1,2,0,0.125,0,0.125,-61,0.087,-69,0,0,0,0,0,0,/35DH,,kennebu01
300,Buddy Kennedy,26,LAD,-0.3,7,18,17,1,1,0,0,0,1,0,0,0,5,0.059,0.111,0.059,0.17,-50,0.135,-29,1,0,1,0,0,0,/5H,,kennebu01
301,Jihwan Bae*,25,PIT,-0.4,13,25,20,4,1,0,0,0,0,4,1,5,9,0.05,0.24,0.05,0.29,-13,0.19,-4,1,0,0,0,0,0,/H78D9,,baeji01
302,David Villar,28,SFG,0,9,25,20,4,4,1,0,0,1,0,0,4,5,0.2,0.36,0.25,0.61,79,0.295,89,5,1,1,0,0,0,/3H5D,,villada01
303,Tristin English,28,ARI,-0.2,7,23,22,0,2,1,0,0,1,0,0,1,8,0.091,0.13,0.136,0.267,-26,0.124,-40,3,0,0,0,0,0,/3,,englitr01
304,Esteury Ruiz,26,LAD,-0.2,19,23,21,2,4,0,0,1,2,4,0,2,8,0.19,0.261,0.333,0.594,67,0.304,61,7,0,0,0,0,0,7/H9,,ruizes01
305,Nicky Lopez*,30,CHC,-0.3,14,22,18,2,1,0,0,0,1,0,0,4,3,0.056,0.227,0.056,0.283,-11,0.163,-2,1,1,0,0,0,0,5/H64D,,lopezni01
306,Keston Hiura,28,COL,0,8,21,18,3,4,1,0,0,1,0,0,0,7,0.222,0.333,0.278,0.611,67,0.292,70,5,0,3,0,0,0,/3,,hiurake01
307,José Azócar,29,2TM,0,14,21,19,5,5,0,0,0,1,1,0,2,1,0.263,0.333,0.263,0.596,73,0.288,74,5,0,0,0,0,0,/H978D,,azocajo01
307,José Azócar,29,NYM,0,12,20,18,5,5,0,0,0,1,1,0,2,1,0.278,0.35,0.278,0.628,82,0.302,84,5,0,0,0,0,0,/H789,,azocajo01
307,José Azócar,29,ATL,0,2,1,1,0,0,0,0,0,0,0,0,0,0,0,0,0,0,-100,0,-117,0,0,0,0,0,0,/H9D,,azocajo01
308,Connor Kaiser,28,ARI,-0.3,11,19,18,1,2,1,0,0,2,0,0,1,5,0.111,0.158,0.167,0.325,-10,0.15,-22,3,1,0,0,0,0,/4H,,kaiseco01
309,Carlos Santana#,39,CHC,-0.2,8,19,19,0,2,1,0,0,2,0,0,0,5,0.105,0.105,0.158,0.263,-25,0.113,-37,3,0,0,0,0,0,/3DH,,santaca01
310,Michael Siani*,25,STL,-0.1,19,19,17,4,4,0,0,0,0,0,0,2,7,0.235,0.316,0.235,0.551,62,0.263,63,4,0,0,0,0,0,8/H,,sianimi01
311,Rafael Flores,24,PIT,-0.1,7,17,15,0,3,2,0,0,0,0,0,2,7,0.2,0.294,0.333,0.627,73,0.282,73,5,0,0,0,0,0,/32H,,florera03
312,Owen Miller,28,COL,0,9,17,14,0,2,0,0,0,1,1,0,2,4,0.143,0.294,0.143,0.437,23,0.245,27,2,0,1,0,0,0,/4H5D,,milleow01
313,Will Wagner*,26,SDP,-0.1,15,17,15,2,2,0,0,0,0,0,0,2,2,0.133,0.235,0.133,0.369,6,0.188,6,2,1,0,0,0,0,H/45,,wagnewi01
314,Tirso Ornelas*,25,SDP,-0.3,7,16,14,0,1,0,0,0,1,0,0,2,2,0.071,0.188,0.071,0.259,-24,0.143,-26,1,1,0,0,0,0,/7H8D,,ornelti01
315,Jack Winkler,26,MIA,-0.2,14,16,16,2,4,2,0,0,0,1,0,0,4,0.25,0.25,0.375,0.625,71,0.284,63,6,0,0,0,0,0,/4H365,,winklja01
316,Jacob Hurtubise*,27,CIN,-0.1,12,15,12,3,1,0,0,0,0,0,0,1,6,0.083,0.267,0.083,0.35,3,0.204,10,1,0,2,0,0,0,/H79,,hurtuja01
317,Brian Navarreto,30,MIA,0.2,8,15,14,3,4,2,0,1,5,0,0,0,3,0.286,0.267,0.643,0.91,143,0.362,128,9,0,0,0,1,0,/2,,navarbr01
318,Ryan Vilade,26,2TM,-0.1,8,15,13,1,1,0,0,0,0,0,0,2,5,0.077,0.2,0.077,0.277,-16,0.153,-15,1,1,0,0,0,0,/97HD,,viladry01
318,Ryan Vilade,26,STL,-0.1,7,15,13,1,1,0,0,0,0,0,0,2,5,0.077,0.2,0.077,0.277,-16,0.153,-15,1,1,0,0,0,0,/9H7D,,viladry01
318,Ryan Vilade,26,CIN,0,1,0,0,0,0,0,0,0,0,0,0,0,0,,,,,,,,0,0,0,0,0,0,/7,,viladry01
319,Gage Workman*,25,CHC,-0.2,9,15,14,0,3,1,0,0,2,1,0,1,6,0.214,0.267,0.286,0.552,61,0.26,56,4,0,0,0,0,0,/56DH,,workmga01
320,Tyler Black*,24,MIL,0.1,5,13,8,1,2,1,0,0,1,0,1,5,1,0.25,0.538,0.375,0.913,162,0.395,181,3,0,0,0,0,0,/H379,,blackty01
321,Kevin Alcántara,22,CHC,0.1,10,12,11,2,4,0,0,0,1,1,0,1,4,0.364,0.417,0.364,0.78,131,0.379,137,4,0,0,0,0,0,/8H7D9,,alcanke01
322,Sandy León#,36,ATL,-0.1,5,12,12,1,1,0,0,1,3,0,0,0,4,0.083,0.083,0.333,0.417,10,0.169,-4,4,0,0,0,0,0,/2,,leonsa01
323,Nick Solak,30,PIT,-0.5,4,11,11,0,1,0,0,0,0,0,0,0,2,0.091,0.091,0.091,0.182,-49,0.073,-75,1,0,0,0,0,0,/347H,,solakni01
324,Will Banfield,25,CIN,-0.2,7,10,10,0,1,0,0,0,0,0,0,0,6,0.1,0.1,0.1,0.2,-45,0.09,-70,1,1,0,0,0,0,/2,,banfiwi01
325,Logan Porter,29,SFG,0,4,9,7,2,1,0,0,0,1,0,0,1,2,0.143,0.333,0.143,0.476,44,0.258,64,1,0,1,0,0,0,/21,,portelo01
326,Brett Sullivan*,31,PIT,0,3,9,6,1,1,0,0,0,2,0,0,1,3,0.167,0.333,0.167,0.5,45,0.258,56,1,0,1,0,1,0,/2,,sullibr01
327,Donovan Walton*,31,PHI,-0.1,2,9,8,1,1,0,0,0,1,0,0,0,1,0.125,0.125,0.125,0.25,-31,0.113,-70,1,0,0,1,0,0,/4,,waltodo01
328,Cal Stevenson*,28,PHI,-0.2,5,8,8,0,2,0,0,0,1,0,0,0,2,0.25,0.25,0.25,0.5,39,0.213,20,2,0,0,0,0,0,/8H,,steveca01
329,Eddie Rosario*,33,2TM,0,5,8,8,1,1,0,0,0,0,0,0,0,2,0.125,0.125,0.125,0.25,-29,0.113,-43,1,0,0,0,0,0,/DH9,,rosared01
329,Eddie Rosario*,33,LAD,0,2,4,4,0,1,0,0,0,0,0,0,0,0,0.25,0.25,0.25,0.5,42,0.225,36,1,0,0,0,0,0,/D,,rosared01
329,Eddie Rosario*,33,ATL,0,3,4,4,1,0,0,0,0,0,0,0,0,2,0,0,0,0,-100,0,-121,0,0,0,0,0,0,/H9,,rosared01
330,Rob Brantly*,35,MIA,0,3,7,7,0,3,0,0,0,1,0,0,0,1,0.429,0.429,0.429,0.857,141,0.372,136,3,0,0,0,0,0,/2,,brantro01
331,Tsung-Che Cheng*,23,PIT,0,3,7,7,0,0,0,0,0,0,0,1,0,3,0,0,0,0,-100,0.057,-35,0,0,0,0,0,0,/64,,chengts01
332,Kody Clemens*,29,PHI,-0.1,7,7,6,0,0,0,0,0,0,0,0,1,0,0,0.143,0,0.143,-56,0.1,-60,0,0,0,0,0,0,/H47D,,clemeko01
333,Steward Berroa#,26,MIL,0.2,2,6,5,0,0,0,0,0,0,1,0,1,2,0,0.167,0,0.167,-48,0.308,64,0,0,0,0,0,0,/8,,berrost01
334,Tyler Callihan*,25,CIN,-0.2,4,6,6,0,1,0,0,0,1,0,0,0,1,0.167,0.167,0.167,0.333,-8,0.15,-27,1,0,0,0,0,0,/74,,callity01
335,Billy Cook,26,PIT,0,3,6,6,1,2,0,0,0,0,0,0,0,1,0.333,0.333,0.333,0.667,86,0.3,86,2,0,0,0,0,0,/9H38,,cookbi01
336,César Prieto*,26,STL,-0.2,3,6,6,0,1,0,0,0,0,0,0,0,5,0.167,0.167,0.167,0.333,-4,0.134,-27,1,0,0,0,0,0,/4HD,,prietce01
337,Chadwick Tromp,30,ATL,0,2,6,5,0,0,0,0,0,0,0,0,1,2,0,0.167,0,0.167,-47,0.116,-41,0,1,0,0,0,0,/2,,trompch01
338,Sergio Alcántara#,28,SFG,-0.1,1,4,4,0,0,0,0,0,0,0,0,0,2,0,0,0,0,-100,0,-117,0,0,0,0,0,0,/56,,alcanse01
339,Aramis Garcia,32,ARI,-0.1,2,4,4,0,0,0,0,0,0,0,0,0,3,0,0,0,0,-100,0,-126,0,0,0,0,0,0,/2,,garciar01
340,Trey Lipscomb,25,WSN,0.1,3,4,4,1,2,0,0,0,0,0,0,0,1,0.5,0.5,0.5,1,187,0.426,179,2,0,0,0,0,0,/356H,,lipsctr01
341,Jonathan Ornelas,25,ATL,0.1,2,4,4,1,2,0,0,0,0,0,0,0,0,0.5,0.5,0.5,1,184,0.402,160,2,0,0,0,0,0,/65,,orneljo01
342,Drew Avans*,29,MIL,-0.1,1,3,2,0,0,0,0,0,1,0,0,0,1,0,0,0,0,-100,0,-126,0,0,0,0,1,0,/7,,avansdr01
343,Hunter Feduccia*,28,LAD,0,2,3,2,0,0,0,0,0,0,0,0,1,1,0,0.333,0,0.333,6,0.232,40,0,0,0,0,0,0,/H3,,feduchu01
344,Drew Romo#,23,COL,-0.1,3,3,3,0,0,0,0,0,0,0,0,0,3,0,0,0,0,-100,0,-134,0,0,0,0,0,0,/H2D,,romodr01
345,CJ Stubbs,28,WSN,0.1,1,3,3,0,0,0,0,0,0,0,0,0,0,0,0,0,0,-100,0,-120,0,0,0,0,0,0,/2,,stubbcj01
346,Justin Dean,28,LAD,0,18,2,2,0,0,0,0,0,0,1,0,0,1,0,0,0,0,-100,0.122,-126,0,0,0,0,0,0,8/H,,deanju01
347,Chuckie Robinson,30,LAD,0,1,2,1,1,0,0,0,0,0,0,0,0,0,0,0,0,0,-100,0,-333,0,0,0,1,0,0,/2,,robinch04
348,Travis Jankowski*,34,NYM,0,4,1,0,1,0,0,0,0,0,0,0,0,0,,,,,,,,0,0,0,1,0,0,/H179D,,jankotr01
349,Ryne Nelson,27,ARI,0.1,1,1,1,1,1,0,0,0,1,0,0,0,0,1,1,1,2,457,0.901,500,1,0,0,0,0,0,1/H,,nelsory01
350,Shinnosuke Ogasawara*,27,WSN,0,1,1,1,0,0,0,0,0,0,0,0,0,1,0,0,0,0,-100,0,-117,0,0,0,0,0,0,1,,ogasash01
351,Colin Rea,34,CHC,0,1,1,1,0,0,0,0,0,0,0,0,0,1,0,0,0,0,-100,0,-108,0,0,0,0,0,0,1,,reaco01
352,Garrett Stubbs*,32,PHI,0,5,1,1,2,0,0,0,0,0,0,0,0,0,0,0,0,0,-100,0,-125,0,0,0,0,0,0,/DH2,,stubbga01
353,Zach Agnos,24,COL,0,1,0,0,0,0,0,0,0,0,0,0,0,0,,,,,,,,0,0,0,0,0,0,1,,agnosza01
354,Kyle Backhus*,27,ARI,0,1,0,0,0,0,0,0,0,0,0,0,0,0,,,,,,,,0,0,0,0,0,0,1,,backhky01
355,Anthony Banda*,31,LAD,0,1,0,0,0,0,0,0,0,0,0,0,0,0,,,,,,,,0,0,0,0,0,0,1,,bandaan01
356,Jake Bird,29,COL,0,1,0,0,0,0,0,0,0,0,0,0,0,0,,,,,,,,0,0,0,0,0,0,1,,birdja01
357,Hayden Birdsong,23,SFG,0,1,0,0,0,0,0,0,0,0,0,0,0,0,,,,,,,,0,0,0,0,0,0,1,,birdsha01
358,Cade Cavalli,26,WSN,0,1,0,0,0,0,0,0,0,0,0,0,0,0,,,,,,,,0,0,0,0,0,0,1,,cavalca01
359,Angel Chivilli,22,COL,0,1,0,0,0,0,0,0,0,0,0,0,0,0,,,,,,,,0,0,0,0,0,0,1,,chivian01
360,John Curtiss,32,ARI,0,1,0,0,0,0,0,0,0,0,0,0,0,0,,,,,,,,0,0,0,0,0,0,1,,curtijo02
361,Edwin Díaz,31,NYM,0,1,0,0,0,0,0,0,0,0,0,0,0,0,,,,,,,,0,0,0,0,0,0,1,AS,diazed04
362,Jose A. Ferrer*,25,WSN,0,1,0,0,0,0,0,0,0,0,0,0,0,0,,,,,,,,0,0,0,0,0,0,1,,ferrejo01
363,Brandyn Garcia*,25,ARI,0,1,0,0,0,0,0,0,0,0,0,0,0,0,,,,,,,,0,0,0,0,0,0,1,,garcibr02
364,Seth Halvorsen,25,COL,0,1,0,0,0,0,0,0,0,0,0,0,0,0,,,,,,,,0,0,0,0,0,0,1,,halvose01
365,Ryan Helsley,30,STL,0,1,0,0,0,0,0,0,0,0,0,0,0,0,,,,,,,,0,0,0,0,0,0,1,,helslry01
366,Drey Jameson,27,ARI,0,1,0,0,0,0,0,0,0,0,0,0,0,0,,,,,,,,0,0,0,0,0,0,/1,,jamesdr01
367,Joe Mantiply,34,ARI,0,1,0,0,0,0,0,0,0,0,0,0,0,0,,,,,,,,0,0,0,0,0,0,1,,mantijo01
368,Justin Martínez,23,ARI,0,2,0,0,0,0,0,0,0,0,0,0,0,0,,,,,,,,0,0,0,0,0,0,1,,martiju01
369,Phil Maton,32,STL,0,1,0,0,0,0,0,0,0,0,0,0,0,0,,,,,,,,0,0,0,0,0,0,1,,matonph01
370,Juan Mejia,24,COL,0,2,0,0,0,0,0,0,0,0,0,0,0,0,,,,,,,,0,0,0,0,0,0,1,,mejiaju01
371,Shelby Miller,34,ARI,0,2,0,0,0,0,0,0,0,0,0,0,0,0,,,,,,,,0,0,0,0,0,0,1,,millesh01
372,Juan Morillo,26,ARI,0,2,0,0,0,0,0,0,0,0,0,0,0,0,,,,,,,,0,0,0,0,0,0,1,,morilju02
373,Andre Pallante,26,STL,0,1,0,0,0,0,0,0,0,0,0,0,0,0,,,,,,,,0,0,0,0,0,0,1,,pallaan01
374,Konnor Pilkington*,27,WSN,0,1,0,0,0,0,0,0,0,0,0,0,0,0,,,,,,,,0,0,0,0,0,0,1,,pilkiko01
375,PJ Poulin,28,WSN,0,1,0,0,0,0,0,0,0,0,0,0,0,0,,,,,,,,0,0,0,0,0,0,1,,poulipj01
376,A.J. Puk*,30,ARI,0,2,0,0,0,0,0,0,0,0,0,0,0,0,,,,,,,,0,0,0,0,0,0,/1,,pukaj01
377,Tyler Rogers,34,SFG,0,1,0,0,0,0,0,0,0,0,0,0,0,0,,,,,,,,0,0,0,0,0,0,1,,rogerty01
378,Jackson Rutledge,26,WSN,0,1,0,0,0,0,0,0,0,0,0,0,0,0,,,,,,,,0,0,0,0,0,0,1,,rutleja01
379,Andrew Saalfrank*,27,ARI,0,1,0,0,0,0,0,0,0,0,0,0,0,0,,,,,,,,0,0,0,0,0,0,1,,saalfan01
380,Tanner Scott,30,LAD,0,1,0,0,0,0,0,0,0,0,0,0,0,0,,,,,,,,0,0,0,0,0,0,1,,scottta01
381,Ryne Stanek,33,NYM,0,1,0,0,0,0,0,0,0,0,0,0,0,0,,,,,,,,0,0,0,0,0,0,1,,stanery01
382,Ryan Thompson,33,ARI,0,1,0,0,0,0,0,0,0,0,0,0,0,0,,,,,,,,0,0,0,0,0,0,1,,thompry02
383,Victor Vodnik,25,COL,0,1,0,0,0,0,0,0,0,0,0,0,0,0,,,,,,,,0,0,0,0,0,0,1,,vodnivi01
384,Ryan Walker,29,SFG,0,1,0,0,0,0,0,0,0,0,0,0,0,0,,,,,,,,0,0,0,0,0,0,1,,walkery01
